<?xml version='1.0' encoding='UTF-8' ?>
<!DOCTYPE authorgroup PUBLIC "-//OASIS//DTD DocBook XML V4.5//EN" "http://www.oasis-open.org/docbook/xml/4.5/docbookx.dtd" [
<!ENTITY % BOOK_ENTITIES SYSTEM "PressGang_CCMS_Handbook.ent">
%BOOK_ENTITIES;
]>
<authorgroup>
	<author>
		<firstname>Misha</firstname><surname>Husnain Ali</surname>
		<affiliation>
			<orgname>
				Red Hat
			</orgname>
			<orgdiv>
				Engineering Content Services
			</orgdiv>
		</affiliation><email>mhusnain@redhat.com</email>
	</author>
	<author>
		<firstname>Misty</firstname><surname>Stanley-Jones</surname><email>misty@redhat.com</email>
	</author>
</authorgroup>