<?xml version='1.0' encoding='utf-8' ?>
<!DOCTYPE bookinfo PUBLIC "-//OASIS//DTD DocBook XML V4.5//EN"
"http://www.oasis-open.org/docbook/xml/4.5/docbookx.dtd" [
<!ENTITY % BOOK_ENTITIES SYSTEM "PressGang_CCMS_Handbook.ent">
%BOOK_ENTITIES;
]>
<bookinfo id="book-PressGang_CCMS_Handbook-PressGang_CCMS_Handbook">
	<title>PressGang CCMS Handbook</title>
	<subtitle>Guidelines for Writers, Information Architects, Translators, and other Users</subtitle>
	<productname>PressGang CCMS</productname>
	<productnumber>2.0</productnumber>
	<edition>1</edition>
    <pubsnumber>1</pubsnumber>
	<abstract>
		<para>
			This guide represents the workflows and methods which generate the best results for CCMS-generated documentation, and should be used as the first point of guidance for using PressGang CCMS
		</para>
	</abstract>

	<corpauthor>
		<inlinemediaobject>
	 	<imageobject>
	     	<imagedata fileref="Common_Content/images/title_logo.svg" format="SVG" />
	     </imageobject>
	    </inlinemediaobject>
	</corpauthor>
	<xi:include href="Legal_Notice.xml" xmlns:xi="http://www.w3.org/2001/XInclude">
	<xi:fallback xmlns:xi="http://www.w3.org/2001/XInclude">
		<xi:include href="Common_Content/Legal_Notice.xml" xmlns:xi="http://www.w3.org/2001/XInclude" />
	</xi:fallback>
</xi:include>
	<xi:include href="Author_Group.xml" xmlns:xi="http://www.w3.org/2001/XInclude" />
</bookinfo>