<?xml version='1.0' encoding='UTF-8' ?>
<!DOCTYPE chapter PUBLIC "-//OASIS//DTD DocBook XML V4.5//EN" "http://www.oasis-open.org/docbook/xml/4.5/docbookx.dtd" [
<!ENTITY % BOOK_ENTITIES SYSTEM "PressGang_CCMS_Handbook.ent">
%BOOK_ENTITIES;
]>
<chapter><title>Compiler Output</title><itemizedlist id="TagErrorXRef13989" ><title>Topic ID 13989</title><listitem><para>INFO: Topic Types: Reference  Release: PressGang CCMS 2.0  Assigned Writer: mstanley </para></listitem>
<listitem><para>INFO: <ulink url="http://skynet.usersys.redhat.com:8080/pressgang-ccms-ui/#SearchResultsAndTopicView;query;topicIds=13989">Topic URL</ulink></para></listitem>
<listitem><para>WARNING: This topic has no XML data</para></listitem>
</itemizedlist><itemizedlist id="TagErrorXRef13985" ><title>Topic ID 13985</title><listitem><para>INFO: Topic Types: Reference  Release: PressGang CCMS 2.0  Assigned Writer: mstanley </para></listitem>
<listitem><para>INFO: <ulink url="http://skynet.usersys.redhat.com:8080/pressgang-ccms-ui/#SearchResultsAndTopicView;query;topicIds=13985">Topic URL</ulink></para></listitem>
<listitem><para>WARNING: This topic has no XML data</para></listitem>
</itemizedlist><itemizedlist id="TagErrorXRef13986" ><title>Topic ID 13986</title><listitem><para>INFO: Topic Types: Reference  Release: PressGang CCMS 2.0  Assigned Writer: mstanley </para></listitem>
<listitem><para>INFO: <ulink url="http://skynet.usersys.redhat.com:8080/pressgang-ccms-ui/#SearchResultsAndTopicView;query;topicIds=13986">Topic URL</ulink></para></listitem>
<listitem><para>WARNING: This topic has no XML data</para></listitem>
</itemizedlist><itemizedlist id="TagErrorXRef14001" ><title>Topic ID 14001</title><listitem><para>INFO: Topic Types: Reference  Release: PressGang CCMS 2.0  Assigned Writer: mstanley </para></listitem>
<listitem><para>INFO: <ulink url="http://skynet.usersys.redhat.com:8080/pressgang-ccms-ui/#SearchResultsAndTopicView;query;topicIds=14001">Topic URL</ulink></para></listitem>
<listitem><para>WARNING: This topic has no XML data</para></listitem>
</itemizedlist><itemizedlist id="TagErrorXRef14025" ><title>Topic ID 14025</title><listitem><para>INFO: Topic Types: Reference  Release: PressGang CCMS 2.0  Assigned Writer: mstanley </para></listitem>
<listitem><para>INFO: <ulink url="http://skynet.usersys.redhat.com:8080/pressgang-ccms-ui/#SearchResultsAndTopicView;query;topicIds=14025">Topic URL</ulink></para></listitem>
<listitem><para>WARNING: This topic has no XML data</para></listitem>
</itemizedlist><itemizedlist id="TagErrorXRef14039" ><title>Topic ID 14039</title><listitem><para>INFO: Topic Types: Reference  Release: PressGang CCMS 2.0  Assigned Writer: mstanley </para></listitem>
<listitem><para>INFO: <ulink url="http://skynet.usersys.redhat.com:8080/pressgang-ccms-ui/#SearchResultsAndTopicView;query;topicIds=14039">Topic URL</ulink></para></listitem>
<listitem><para>WARNING: This topic has no XML data</para></listitem>
</itemizedlist><glossary><title>Compiler Glossary</title><glossentry><glossterm>"This topic has no XML data"</glossterm><glossdef><itemizedlist><listitem><para>The topic doesn't have any XML Content to display.</para></listitem><listitem><para>To fix this warning, open the topic URL and add some content.</para></listitem></itemizedlist></glossdef></glossentry><glossentry><glossterm>"This topic contains an invalid element that can't be converted into a DOM Element."</glossterm><glossdef><itemizedlist><listitem><para>The topic XML contains invalid elements that cannot be successfully converted in DOM elements.</para></listitem><listitem><para>To fix this error please remove or correct any invalid XML elements or entities. Note: HTML Entities aren't classified as valid XML Entities.</para></listitem></itemizedlist></glossdef></glossentry><glossentry><glossterm>"This topic doesn't have well-formed xml."</glossterm><glossdef><itemizedlist><listitem><para>The topic XML is not well-formed XML and maybe missing opening or closing element statements.</para></listitem><listitem><para>To fix this error please ensure that all XML elements having an opening and closing statement and all XML reserved characters are represented as XML entities.</para></listitem></itemizedlist></glossdef></glossentry><glossentry><glossterm>"This topic has invalid Docbook XML."</glossterm><glossdef><itemizedlist><listitem><para>The topic XML is not valid against the Docbook 4.5 DTD.</para></listitem><listitem><para>To fix this error please ensure that all XML elements are valid Docbook elements . Also check to ensure all XML sub elements are valid for the root XML element.</para></listitem></itemizedlist></glossdef></glossentry><glossentry><glossterm>"This topic has invalid Injection Points."</glossterm><glossdef><itemizedlist><listitem><para>The topic XML contains Injection Points that cannot be resolved into links.</para></listitem><listitem><para>To fix this error please ensure that all the topics referred to by Injection Points are included in the build and/or have adequate relationships.</para></listitem></itemizedlist></glossdef></glossentry></glossary></chapter>