<?xml version='1.0' encoding='UTF-8' ?>
<!DOCTYPE book PUBLIC "-//OASIS//DTD DocBook XML V4.5//EN" "http://www.oasis-open.org/docbook/xml/4.5/docbookx.dtd" [
<!ENTITY % BOOK_ENTITIES SYSTEM "PressGang_CCMS_Handbook.ent">
%BOOK_ENTITIES;
]>
<book>
	<xi:include href="Book_Info.xml" xmlns:xi="http://www.w3.org/2001/XInclude"/>
	<xi:include href="Preface.xml" xmlns:xi="http://www.w3.org/2001/XInclude"/>
	<xi:include href="chap-Introduction.xml" xmlns:xi="http://www.w3.org/2001/XInclude"/>
	<xi:include href="chap-Topic-Based_Authoring_in_the_CCMS.xml" xmlns:xi="http://www.w3.org/2001/XInclude"/>
	<xi:include href="chap-Planning_and_Designing_Documents.xml" xmlns:xi="http://www.w3.org/2001/XInclude"/>
	<xi:include href="chap-Common_UI_Elements.xml" xmlns:xi="http://www.w3.org/2001/XInclude"/>
	<xi:include href="chap-Search_Results_UI_Elements.xml" xmlns:xi="http://www.w3.org/2001/XInclude"/>
	<xi:include href="chap-Writing_in_the_CCMS.xml" xmlns:xi="http://www.w3.org/2001/XInclude"/>
	<xi:include href="chap-Translation_in_the_CCMS.xml" xmlns:xi="http://www.w3.org/2001/XInclude"/>
	<xi:include href="chap-Migrating_Content_to_the_CCMS.xml" xmlns:xi="http://www.w3.org/2001/XInclude"/>
	<xi:include href="chap-Working_with_Upstreams.xml" xmlns:xi="http://www.w3.org/2001/XInclude"/>
	<xi:include href="chap-Appendix.xml" xmlns:xi="http://www.w3.org/2001/XInclude"/>
	<xi:include href="Errors.xml" xmlns:xi="http://www.w3.org/2001/XInclude"/>
	<xi:include href="Report.xml" xmlns:xi="http://www.w3.org/2001/XInclude"/>
	<xi:include href="Revision_History.xml" xmlns:xi="http://www.w3.org/2001/XInclude"/>
</book>