<?xml version='1.0' encoding='UTF-8' ?>
<!DOCTYPE chapter PUBLIC "-//OASIS//DTD DocBook XML V4.5//EN" "http://www.oasis-open.org/docbook/xml/4.5/docbookx.dtd" [
<!ENTITY % BOOK_ENTITIES SYSTEM "PressGang_CCMS_Handbook.ent">
%BOOK_ENTITIES;
]>
<chapter><title>Status Report</title><itemizedlist><title>Build Statistics</title><listitem><para>Total Number of Errors: 0</para></listitem>
<listitem><para>Total Number of Warnings: 6</para></listitem>
<listitem><para>Number of Topics with No Content: 6</para></listitem>
<listitem><para>Number of Topics with Invalid Injection points: 0</para></listitem>
<listitem><para>Number of Topics with Invalid Content: 0</para></listitem>
<listitem><para>Number of Topics with Invalid Image references: 0</para></listitem>
</itemizedlist><table>
	<title>Topics that have no Content</title>
	<tgroup cols="3">
		<thead>
			<row><entry>Topic Link</entry><entry>Topic Title</entry><entry>Topic Tags</entry></row>		</thead>
		<tbody>
			<row><entry><itemizedlist><listitem><para><ulink url="http://skynet.usersys.redhat.com:8080/pressgang-ccms-ui/#SearchResultsAndTopicView;query;topicIds=13989">Topic 13989, Revision 457473</ulink></para></listitem><listitem><para><ulink url="http://skynet.usersys.redhat.com:8080/pressgang-ccms-ui/#SearchResultsAndTopicView;query;topicIds=13989">Editor Link</ulink></para></listitem></itemizedlist></entry><entry><itemizedlist><listitem><para>Suggested Workflow for Upstream SVN</para></listitem></itemizedlist></entry><entry><itemizedlist><listitem><para><emphasis role="bold">Assigned Writer:</emphasis> mstanley</para></listitem><listitem><para><emphasis role="bold">Release:</emphasis> PressGang CCMS 2.0</para></listitem><listitem><para><emphasis role="bold">Topic Types:</emphasis> Reference</para></listitem></itemizedlist></entry></row>			<row><entry><itemizedlist><listitem><para><ulink url="http://skynet.usersys.redhat.com:8080/pressgang-ccms-ui/#SearchResultsAndTopicView;query;topicIds=13985">Topic 13985, Revision 457469</ulink></para></listitem><listitem><para><ulink url="http://skynet.usersys.redhat.com:8080/pressgang-ccms-ui/#SearchResultsAndTopicView;query;topicIds=13985">Editor Link</ulink></para></listitem></itemizedlist></entry><entry><itemizedlist><listitem><para>Suggested Workflow for Upstream AsciiDoc</para></listitem></itemizedlist></entry><entry><itemizedlist><listitem><para><emphasis role="bold">Assigned Writer:</emphasis> mstanley</para></listitem><listitem><para><emphasis role="bold">Release:</emphasis> PressGang CCMS 2.0</para></listitem><listitem><para><emphasis role="bold">Topic Types:</emphasis> Reference</para></listitem></itemizedlist></entry></row>			<row><entry><itemizedlist><listitem><para><ulink url="http://skynet.usersys.redhat.com:8080/pressgang-ccms-ui/#SearchResultsAndTopicView;query;topicIds=13986">Topic 13986, Revision 457470</ulink></para></listitem><listitem><para><ulink url="http://skynet.usersys.redhat.com:8080/pressgang-ccms-ui/#SearchResultsAndTopicView;query;topicIds=13986">Editor Link</ulink></para></listitem></itemizedlist></entry><entry><itemizedlist><listitem><para>Suggested Workflow for Upstream GIT</para></listitem></itemizedlist></entry><entry><itemizedlist><listitem><para><emphasis role="bold">Assigned Writer:</emphasis> mstanley</para></listitem><listitem><para><emphasis role="bold">Release:</emphasis> PressGang CCMS 2.0</para></listitem><listitem><para><emphasis role="bold">Topic Types:</emphasis> Reference</para></listitem></itemizedlist></entry></row>			<row><entry><itemizedlist><listitem><para><ulink url="http://skynet.usersys.redhat.com:8080/pressgang-ccms-ui/#SearchResultsAndTopicView;query;topicIds=14001">Topic 14001, Revision 457485</ulink></para></listitem><listitem><para><ulink url="http://skynet.usersys.redhat.com:8080/pressgang-ccms-ui/#SearchResultsAndTopicView;query;topicIds=14001">Editor Link</ulink></para></listitem></itemizedlist></entry><entry><itemizedlist><listitem><para>Suggested Workflow for Upstream Confluence</para></listitem></itemizedlist></entry><entry><itemizedlist><listitem><para><emphasis role="bold">Assigned Writer:</emphasis> mstanley</para></listitem><listitem><para><emphasis role="bold">Release:</emphasis> PressGang CCMS 2.0</para></listitem><listitem><para><emphasis role="bold">Topic Types:</emphasis> Reference</para></listitem></itemizedlist></entry></row>			<row><entry><itemizedlist><listitem><para><ulink url="http://skynet.usersys.redhat.com:8080/pressgang-ccms-ui/#SearchResultsAndTopicView;query;topicIds=14025">Topic 14025, Revision 457504</ulink></para></listitem><listitem><para><ulink url="http://skynet.usersys.redhat.com:8080/pressgang-ccms-ui/#SearchResultsAndTopicView;query;topicIds=14025">Editor Link</ulink></para></listitem></itemizedlist></entry><entry><itemizedlist><listitem><para>Suggested Workflow for Upstream MarkDown</para></listitem></itemizedlist></entry><entry><itemizedlist><listitem><para><emphasis role="bold">Assigned Writer:</emphasis> mstanley</para></listitem><listitem><para><emphasis role="bold">Release:</emphasis> PressGang CCMS 2.0</para></listitem><listitem><para><emphasis role="bold">Topic Types:</emphasis> Reference</para></listitem></itemizedlist></entry></row>			<row><entry><itemizedlist><listitem><para><ulink url="http://skynet.usersys.redhat.com:8080/pressgang-ccms-ui/#SearchResultsAndTopicView;query;topicIds=14039">Topic 14039, Revision 457518</ulink></para></listitem><listitem><para><ulink url="http://skynet.usersys.redhat.com:8080/pressgang-ccms-ui/#SearchResultsAndTopicView;query;topicIds=14039">Editor Link</ulink></para></listitem></itemizedlist></entry><entry><itemizedlist><listitem><para>Resources</para></listitem></itemizedlist></entry><entry><itemizedlist><listitem><para><emphasis role="bold">Assigned Writer:</emphasis> mstanley</para></listitem><listitem><para><emphasis role="bold">Release:</emphasis> PressGang CCMS 2.0</para></listitem><listitem><para><emphasis role="bold">Topic Types:</emphasis> Reference</para></listitem></itemizedlist></entry></row>		</tbody>
	</tgroup>
</table>
</chapter>