<?xml version='1.0' encoding='UTF-8' ?>
<!DOCTYPE appendix PUBLIC "-//OASIS//DTD DocBook XML V4.5//EN" "http://www.oasis-open.org/docbook/xml/4.5/docbookx.dtd" [
<!ENTITY % BOOK_ENTITIES SYSTEM "PressGang_CCMS_Handbook.ent">
%BOOK_ENTITIES;
]>
<appendix id="appe-PressGang_CCMS_Handbook-Revision_History">
	<title>Revision History</title>
	<simpara>
		<revhistory>
			<revision>
				<revnumber>1.0.0-1</revnumber><date>Wed Jul 31 2013</date>
				<author>
					<firstname>CS Builder</firstname><surname>Robot</surname><email>robot@dev.null.com</email>
				</author>
				<revdescription>
					<simplelist>
						<member>
							Built from Content Specification: 13968, Revision: 489266
						</member>
					</simplelist>
				</revdescription>
			</revision>
		</revhistory>
	</simpara>
</appendix>